{
    "angles": [
        30,
        60,
        90,
        120,
        135
    ],
    "expected_scatter": [
        563.84678272226,
        401.6348431393512,
        288.3259086180137,
        224.88228056056244,
        206.09768815837452
    ],
    "expected_recoil": [
        97.81321727774002,
        260.0251568606488,
        373.33409138198624,
        436.77771943943753,
        455.56231184162544
    ],
    "scatter_energies": [
        523.4750318471338,
        403.4533962264151,
        287.623974763407,
        216.33375394321777,
        202.09962264150954
    ],
    "recoil_energies": [
        89.99682242990659,
        224.56,
        342.2050000000001,
        408.454,
        420.51071207430346
    ],
    "scatter_energies_errors": [
        0.3447653569846555,
        0.4306666482690551,
        0.2152113462351545,
        0.13970728561911078,
        0.1123970388470249
    ],
    "recoil_energies_errors": [
        0.2769966559538133,
        0.2516258785130464,
        0.27446275472389403,
        0.23370914167237197,
        0.2411824878101061
    ]
}