{
    "30": 2.776805909061517,
    "60": 2.120367461256144,
    "90": 1.2950032438990469,
    "120": 1.0736025843404766,
    "135": 1.0251319875855731
}