{
    "recoil30": {
        "flux": 2.776805909061517,
        "flux_error": 0.03741750628874212
    },
    "recoil60": {
        "flux": 2.120367461256144,
        "flux_error": 0.02520357135571271
    },
    "recoil90": {
        "flux": 1.2950032438990469,
        "flux_error": 0.02153036581904525
    },
    "recoil120": {
        "flux": 1.0736025843404766,
        "flux_error": 0.01920585069679711
    },
    "recoil135": {
        "flux": 1.0251319875855731,
        "flux_error": 0.019827994303146336
    }
}