{
    "recoil30": {
        "flux": 1.1463683857426337,
        "flux_error": 0.009313452716420397
    },
    "recoil60": {
        "flux": 0.7806799133604083,
        "flux_error": 0.007912410836309518
    },
    "recoil90": {
        "flux": 0.42217040555861834,
        "flux_error": 0.005118786487409652
    },
    "recoil120": {
        "flux": 0.39893944145014126,
        "flux_error": 0.004631740074486856
    },
    "recoil135": {
        "flux": 0.34135050981505854,
        "flux_error": 0.003867859395606524
    }
}