{
    "scatter90.Chn": {
        "mean": 289.8551472712113,
        "std": 25.685404936851988,
        "amplitude": 11.009545433710258,
        "num_counts": 282.7846326355177,
        "num_counts_err": 19.64573315594664
    },
    "scatter30.Chn": {
        "mean": 532.8808991346673,
        "std": 30.86735022865583,
        "amplitude": 8.382130779984424,
        "num_counts": 258.7341664481753,
        "num_counts_err": 19.7934004147844
    },
    "scatter60.Chn": {
        "mean": 414.7331242341308,
        "std": 49.40772360743009,
        "amplitude": 10.50571047762873,
        "num_counts": 519.0632395783626,
        "num_counts_err": 94.92652266800154
    },
    "scatter120.Chn": {
        "mean": 216.321999316839,
        "std": 18.792318606145173,
        "amplitude": 16.333472955403618,
        "num_counts": 306.9438277228004,
        "num_counts_err": 13.757209068440728
    },
    "scatter135.Chn": {
        "mean": 202.4165541581479,
        "std": 13.646652399946113,
        "amplitude": 19.420907274313457,
        "num_counts": 265.03037086414065,
        "num_counts_err": 7.338847256389577
    },
    "recoil30.Chn": {
        "mean": 91.73527824079318,
        "std": 46.822675932893,
        "amplitude": 22.10097396596909,
        "num_counts": 1034.8267418098756,
        "num_counts_err": 8.407253767112692
    },
    "recoil60.Chn": {
        "mean": 220.7376515036989,
        "std": 46.46197373976044,
        "amplitude": 15.759789328765542,
        "num_counts": 732.2309179372614,
        "num_counts_err": 7.4213666198081505
    },
    "recoil90.Chn": {
        "mean": 340.69256690124445,
        "std": 31.12664867194818,
        "amplitude": 12.285898305391955,
        "num_counts": 382.41884017121885,
        "num_counts_err": 4.636801551755159
    },
    "recoil120.Chn": {
        "mean": 409.6256521070259,
        "std": 28.111848924628323,
        "amplitude": 13.997865715365538,
        "num_counts": 393.50588625759036,
        "num_counts_err": 4.5686557746723455
    },
    "recoil135.Chn": {
        "mean": 423.5533302703485,
        "std": 21.739848174456885,
        "amplitude": 15.48398080095752,
        "num_counts": 336.6193917490218,
        "num_counts_err": 3.8142508643834176
    }
}