{
    "scatter30.Chn": {
        "peak": 1146,
        "std": 90.37927598383489,
        "amplitude": 8.25178158516047
    },
    "scatter60.Chn": {
        "peak": 890,
        "std": -103.4678830646995,
        "amplitude": 10.977625824404766
    },
    "scatter90.Chn": {
        "peak": 648,
        "std": -72.37309442959233,
        "amplitude": 12.802373895391144
    },
    "scatter120.Chn": {
        "peak": 501,
        "std": -48.75445467617231,
        "amplitude": 20.69472189560906
    },
    "scatter135.Chn": {
        "peak": 466,
        "std": 34.92476007706014,
        "amplitude": 24.39618344072091
    },
    "recoil30.Chn": {
        "peak": 279,
        "std": -103.45304267042661,
        "amplitude": 24.22956956515289
    },
    "recoil60.Chn": {
        "peak": 557,
        "std": 106.41440389717243,
        "amplitude": 18.688987428171195
    },
    "recoil90.Chn": {
        "peak": 804,
        "std": 77.21759165907761,
        "amplitude": 15.191690303327512
    },
    "recoil120.Chn": {
        "peak": 948,
        "std": 58.351892501260565,
        "amplitude": 18.148170894695188
    },
    "recoil135.Chn": {
        "peak": 996,
        "std": 55.617653196949284,
        "amplitude": 18.17630914159262
    }
}