{
    "angles": [
        120,
        127,
        135
    ],
    "expected_scatter": [
        224.88228056056244,
        215.23809961699405,
        206.09768815837452
    ],
    "expected_recoil": [
        436.77771943943753,
        446.4219003830059,
        455.56231184162544
    ],
    "scatter_energies": [
        214.9747603833866,
        213.43476635514023,
        193.74480769230777
    ],
    "recoil_energies": [
        396.36739130434785,
        398.3614511041009,
        398.4758125
    ],
    "scatter_energies_errors": [
        0.16887498897433928,
        0.1879329285174569,
        0.18393150291138805
    ],
    "recoil_energies_errors": [
        0.4325732206221036,
        0.4898219279085455,
        0.5403461174984587
    ]
}