{
    "recoil120": {
        "flux": 0.4560258482225088,
        "flux_error": 0.012626486466340008
    },
    "recoil127": {
        "flux": 0.4356708331380523,
        "flux_error": 0.013347068712864386
    },
    "recoil135": {
        "flux": 0.4433287574286382,
        "flux_error": 0.014191493191247184
    }
}