{
    "angles": [
        30,
        60,
        90,
        120
    ],
    "expected_scatter": [
        563.84678272226,
        401.6348431393512,
        288.3259086180137,
        224.88228056056244
    ],
    "scatter_energies": [
        534.2545812807882,
        412.69004893964114,
        295.52685064935076,
        218.16086092715244
    ],
    "expected_recoil": [
        97.81321727774002,
        260.0251568606488,
        373.33409138198624,
        436.77771943943753
    ],
    "recoil_energies": [
        77.26763975155286,
        211.54865116279075,
        340.9527441860466,
        408.8497213622291
    ]
}