{
    "angles": [
        30,
        60,
        90,
        120
    ],
    "expected_scatter": [
        564.0936698117453,
        401.76009501187656,
        288.3904518329071,
        224.9215425531915
    ],
    "scatter_energies": [
        534.3070607553366,
        412.46818923327896,
        295.04058441558436,
        217.5
    ],
    "expected_recoil": [
        97.90633018825474,
        260.23990498812344,
        373.6095481670929,
        437.0784574468085
    ],
    "recoil_energies": [
        76.2888198757764,
        210.8728682170542,
        340.56899224806205,
        408.61919504643964
    ]
}